{"cameraMode":{"drawMode":0,"name":"Shaded","section":"Shading Mode"},"sceneLighting":false,"audioPlay":false,"sceneViewState":{"showFog":true,"showMaterialUpdate":false,"showSkybox":false,"showFlares":true,"showImageEffects":true,"showParticleSystems":true},"in2DMode":false,"pivot":{"x":-18.065828323364259,"y":10.55417251586914,"z":6.054805755615234},"rotation":{"x":0.29613423347473147,"y":-0.20923785865306855,"z":0.0666598379611969,"w":0.9295592904090881},"size":2552.595703125,"orthographic":false}