{"cameraMode":{"drawMode":0,"name":"Shaded","section":"Shading Mode"},"sceneLighting":false,"audioPlay":false,"sceneViewState":{"showFog":true,"showMaterialUpdate":false,"showSkybox":false,"showFlares":true,"showImageEffects":true,"showParticleSystems":true},"in2DMode":false,"pivot":{"x":0.0,"y":0.46833139657974245,"z":-5.960464477539063e-8},"rotation":{"x":0.2191392481327057,"y":0.09525156766176224,"z":-0.021528948098421098,"w":0.9707943797111511},"size":3.123530864715576,"orthographic":false}