{"cameraMode":{"drawMode":0,"name":"Shaded","section":"Shading Mode"},"sceneLighting":false,"audioPlay":false,"sceneViewState":{"showFog":true,"showMaterialUpdate":false,"showSkybox":false,"showFlares":true,"showImageEffects":true,"showParticleSystems":true},"in2DMode":false,"pivot":{"x":-16.657901763916017,"y":-13.0692138671875,"z":10.600000381469727},"rotation":{"x":0.2191392481327057,"y":0.09525156766176224,"z":-0.021528948098421098,"w":0.9707943797111511},"size":9.445493698120118,"orthographic":false}