{"cameraMode":{"drawMode":0,"name":"Shaded","section":"Shading Mode"},"sceneLighting":true,"audioPlay":false,"sceneViewState":{"showFog":true,"showMaterialUpdate":false,"showSkybox":true,"showFlares":true,"showImageEffects":true,"showParticleSystems":true},"in2DMode":false,"pivot":{"x":472.7650146484375,"y":288.0516357421875,"z":-25.970291137695314},"rotation":{"x":-0.1361282467842102,"y":-0.22178108990192414,"z":0.031309254467487338,"w":-0.9650399088859558},"size":820.9586181640625,"orthographic":false}